{"cameraMode":{"drawMode":0,"name":"Shaded","section":"Shading Mode"},"sceneLighting":false,"audioPlay":false,"sceneViewState":{"m_AlwaysRefresh":false,"showFog":true,"showSkybox":false,"showFlares":true,"showImageEffects":true,"showParticleSystems":true,"showVisualEffectGraphs":true,"m_FxEnabled":true},"in2DMode":false,"pivot":{"x":0.7041864395141602,"y":-0.36130014061927798,"z":4.391016006469727},"rotation":{"x":0.009738272987306118,"y":0.7365046739578247,"z":-0.010604576207697392,"w":0.6762813329696655},"size":3.8421518802642824,"orthographic":false}